config,coverage,accuracy_adherent,faithfulness,refusal_rate,correct_refusal_rate,false_rejection_rate,token_f1,governance_accuracy,constrained_f1,predicate_triplets_dropped,ontology_triplets_dropped,affinity_chunks_dropped,chunks_dropped_total,triplets_kept,primary_chunks_kept,gov_ratio
G0_Naive,1.0000,0.7583,0.9594,0.0000,0.3594,0.0000,0.6432,0.7303,0.6867,nan,nan,nan,nan,nan,nan,0.0000
G1_Cited,0.9561,0.7441,0.9518,0.0439,0.2344,0.0295,0.6332,0.7083,0.6707,0.0000,0.0000,0.0000,0.0000,6.4671,39.3015,0.0000
G2_Grounded,0.5493,0.2182,0.8862,0.4507,0.6562,0.4351,0.4047,0.2489,0.3268,0.0055,0.0000,0.0000,35.9221,6.4616,3.3794,0.0000
G3_Strict,0.4726,0.1745,0.8817,0.5274,0.6562,0.5177,0.3930,0.2083,0.3007,0.0055,0.0000,0.0000,35.9221,6.4616,3.3794,0.0000
G4_Corrob,0.4430,0.1686,0.8688,0.5570,0.6875,0.5472,0.3924,0.2050,0.2987,0.0055,0.0000,0.0000,35.9221,6.4616,3.3794,0.0000
G2+OntNU,0.0000,0.0000,0.0000,1.0000,1.0000,1.0000,0.0000,0.0702,0.0351,nan,nan,nan,nan,nan,nan,0.0000
G2+OntConf,0.0000,0.0000,0.0000,1.0000,1.0000,1.0000,0.0000,0.0702,0.0351,nan,nan,nan,nan,nan,nan,0.0000
G2+Aff,0.0000,0.0000,0.0000,1.0000,1.0000,1.0000,0.0000,0.0702,0.0351,nan,nan,nan,nan,nan,nan,0.0000
G2+OntNU+Aff,0.0000,0.0000,0.0000,1.0000,1.0000,1.0000,0.0000,0.0702,0.0351,nan,nan,nan,nan,nan,nan,0.0000
